-- INSERT INTO users (name, age) VALUES ("ana", 0),
--  ("ben", 1),
--  ("cora", 2),
--  ("dee", 3),
--  ("eva", 4),
--  ("fu", 5),
--  ("gab", 6),
--  ("herald", 7),
--  ("issa", 8),
--  ("job", 9),
--  ("kenneth", 10),
--  ("lovey", 11),
--  ("moe", 12),
--  ("nathan", 13),
--  ("owen", 14),
--  ("peter", 15),
--  ("queenie", 16),
--  ("rez", 17),
--  ("sam", 18),
--  ("tristan", 19);

-- INSERT INTO projects (title, category, funding_goal, start_date, end_date) VALUES 
-- ("Help me feed my kitten",'charity', 550, '2016-06-30','2016-07-30'),
-- ("My blog on love and other drugs",'promotion', 250,'2016-03-30','2016-07-30'),
-- ("My flying chair project",'innovation', 1,'2016-04-30','2016-07-30'),
-- ("Honeymoon in space",'love', 200000,'2016-06-30','2016-09-30'),
-- ("Voldemort needs a nose",'charity',5000,'2016-06-30','2016-10-30'),
-- ("Help me, Hello Kitty lose weight",'charity', 100,'2016-06-30','2016-11-30'),
-- ("I want to have breakfast at the peak of Mt Everst",'charity', 20,'2016-06-30','2016-12-30'),
-- ("I lost my subway card",'charity', 110,'2016-06-30','2016-07-30'),
-- ("I want to eradicate rats in nyc",'charity', 5,'2016-06-30','2016-07-30'),
-- ("Organize a 'Free beer for senior citizens in Brooklyn' day",'charity', 2000,'2016-06-30','2016-07-30');


-- INSERT INTO pledges (amount, user_id, project_id) VALUES
-- (15.00, 1, 2),
-- (25.00, 1, 3),
-- (45.00, 1, 4),
-- (55.00, 2, 3),
-- (15.00, 3, 2),
-- (25.00, 4, 4),
-- (45.00, 5, 10),
-- (65.00, 6, 10),
-- (55.00, 7, 9),
-- (1750.00, 8, 8),
-- (11500.00, 8, 7),
-- (145.00, 9, 6),
-- (155.00, 9, 3),
-- (155.00, 10, 4),
-- (125.00, 12, 1),
-- (133.00, 11, 1),
-- (111.00, 13, 6),
-- (112.00, 14, 5),
-- (123.00, 15, 5),
-- (244.00, 16, 6),
-- (232.50, 17, 7),
-- (244.00, 18, 8),
-- (261.00, 19, 9),
-- (272.00, 20, 10),
-- (2120.00, 20, 4),
-- (243.00, 19, 1),
-- (223.00, 18, 6),
-- (294.00, 17, 9),
-- (2240.00, 16, 6),
-- (3450.00, 15, 5);

INSERT INTO users (id, name, age) VALUES (1, 'Finnebar', 17), (2, 'Bear', 6), (3, 'Iguana', 4), (4, 'Alex', 33),
(5, 'Amanda', 24), (6, 'Sophie', 24), (7, 'Rosey', 9), (8, 'Victoria', 23), (9, 'Franz', 100), (10, 'Hermione', 30),
(11, 'Voldemort', 90), (12, 'Marisa', 24), (13, 'Swizzle', 4), (14, 'Sirius', 36), (15, 'Albus', 113), (16, 'Squid', 5),
(17, 'Whale', 6), (18, 'Pacha', 5), (19, 'Ena', 24), (20, 'Katie', 24);

INSERT INTO projects (id, title, category, funding_goal, start_date, end_date) VALUES
(1, 'Help me buy a guitar', 'music', 500.00, '2013-06-30', '2013-07-30'),
(2, 'My book on SQL', 'books', 20.00, '2013-01-01', '2014-01-01'),
(3, 'The next Harry Potter', 'books', 1000.00, '2013-05-30', '2015-05-30'),
(4, 'Animal shelter needs dog food', 'charity', 400.00, '2013-03-14', '2013-06-30'),
(5, 'Voldement needs a body', 'charity', 6000.00, '2013-03-20', '2013-09-20'),
(6, 'The next Inna-Gadda-Davida', 'music', 200.00, '2014-12-30', '2015-12-30'),
(7, 'Iguana needs tail operation', 'charity', 2000.00, '2013-10-02', '2013-10-30'),
(8, 'I have bed bugs!', 'charity', 800.00, '2014-06-30', '2014-06-31'),
(9, 'I want to teach English in China', 'charity', 3000.00, '2013-06-30', '2013-09-30'),
(10, 'Help save birds of paradise', 'charity', 5000.00, '2012-03-20', '2013-06-30');

INSERT INTO pledges (id, amount, user_id, project_id) VALUES
(1, 10.00, 1, 2),
(2, 20.00, 1, 3),
(3, 40.00, 1, 4),
(4, 50.00, 2, 3),
(5, 10.00, 3, 2),
(6, 20.00, 4, 4),
(7, 40.00, 5, 10),
(8, 60.00, 6, 10),
(9, 50.00, 7, 9),
(10, 700.00, 8, 8),
(11, 1000.00, 8, 7),
(12, 40.00, 9, 6),
(13, 50.00, 9, 3),
(14, 50.00, 10, 4),
(15, 24.00, 12, 1),
(16, 34.00, 11, 1),
(17, 12.00, 13, 6),
(18, 19.00, 14, 5),
(19, 20.00, 15, 5),
(20, 40.00, 16, 6),
(21, 35.50, 17, 7),
(22, 40.00, 18, 8),
(23, 60.00, 19, 9),
(24, 70.00, 20, 10),
(25, 100.00, 20, 4),
(26, 40.00, 19, 1),
(27, 20.00, 18, 6),
(28, 90.00, 17, 9),
(29, 230.00, 16, 6),
(30, 450.00, 15, 5);


